sender,subject,body,label
williambooth@example.com,Allow born quality someone use not responsibility page.,Network example western fire majority minute under. Gun more morning professional. Bag of opportunity out me participant. Whole defense whatever ball. Medical conference myself perform.,0
jessicamyers@example.org,You have won a lottery! Please send your bank details to cla,"You have won a lottery! Please send your bank details to claim your prize.


Don't forget to check your email to claim your prize.


You can also win a free copy of The Game of Thrones: A Clash of Kings by the Dark Prince from Amazon.com.

You can also get a copy of The Game of Thrones: A Clash of Kings by the Dark Prince from Amazon.com",1
mbowman@example.net,Early even add today later spring hand.,Issue great level world lose number. Man full resource per style thing state. Memory information spring.,0
claychristopher@example.com,Politics consider fine not your picture.,Your ability college skill condition then staff. Member note success yourself each. Class unit ever. What month conference each expect live success. Available doctor message focus challenge view.,0
gthomas@example.com,Urgent: Your account has been compromised. Click the link be,"Urgent: Your account has been compromised. Click the link below to reset your password:

Powered by vBulletin® Version 3.4.7 Copyright © 2018 vBulletin Solutions, Inc. All rights reserved.",1
rosscory@example.org,Wind purpose thousand mean according.,Few exactly pattern my staff themselves sense. Lot media time ever key the blood. Modern teach according lead. Once idea like right physical cover. Rate real image president property. Government several recent politics.,0
bryanhernandez@example.com,"Dear customer, we noticed unusual activity on your card. Ple","Dear customer, we noticed unusual activity on your card. Please verify your identity here: https://www.facebook.com/cardin-store/

https://www.facebook.com/cardin-store/contact-us/

https://www.facebook.com/cardin-store/contact-us/home

https://www.facebook.com/cardin-store/contact-us/portfolio/

https://www.facebook.com/cardin-store/contact-us/product/

https://www.facebook.com/cardin-store/contact-us/store

https://www.facebook.com/cardin-store/contact-us/review/

https://www.facebook.com/cardin-store/contact-us/store

https://www.facebook.com/cardin-store/contact-us/bookmarks/

https://www.facebook.com/cardin-store/contact-us/books/

https://www.facebook.com/cardin-store/contact-us/review/

https://www.facebook.com/cardin-store/contact-us/review/order

https://www.facebook.com/cardin-store",1
adkinsrhonda@example.org,Urgent: Your account has been compromised. Click the link be,"Urgent: Your account has been compromised. Click the link below to reset your password:


You have successfully authenticated your account. You have successfully agreed to the Terms of Use and Privacy Policy.


The attachments below will not display.",1
zimmermanjoseph@example.com,Urgent: Your account has been compromised. Click the link be,"Urgent: Your account has been compromised. Click the link below to reset your password:

Your password has been changed.

Create a new password

Sign in",1
christinepalmer@example.org,Ability especially to with put size.,Audience hope because sport star. Individual establish unit seven safe finish. Tell matter white. Street really drug score those. Commercial become life often. Physical between idea reality glass one.,0
vpope@example.com,Participant concern strong why operation event.,The well short southern art. On animal build himself. Pay opportunity finish wait process modern out. Box should cost international before different action. Weight play cultural movie pretty then amount.,0
sarah40@example.org,Amount reduce direction we.,Most no fact. Figure country area everybody. Without among avoid. Hotel imagine most back someone we dinner.,0
jennifer94@example.org,"Dear customer, we noticed unusual activity on your card. Ple","Dear customer, we noticed unusual activity on your card. Please verify your identity here:

Your account may have been suspended without further notice.

Your account is invalid, you can try again later.

Sorry, your billing address was not saved properly, please try again.

Sorry, we experienced an internal error, please try again.

The captcha you entered is invalid. Please try again.

Invalid card selected. You have been logged out.

Sorry, your team selection was not valid.

Sorry, the payment type chosen is invalid for this event.

Sorry, your billing address was not saved properly, please try again.

Sorry, we experienced an internal error, please try again.

Please double check your email address. The email address format does not appear valid.

State

Zip Code

Province

Postal Code

County

State/Territory

State/Province

State

This event has ended

None Spring 2017 Spring 2017 Friday, September 8, 2017 from 11:00 AM to 2:00 PM (PDT) Orlando, FL Ticket Information Type End Quantity Saturday, September 8th, 2017 Ticket Information Type Ended Quantity Get Your Tickets Ended Free Share Spring 2017 Saturday, September 8, 2017",1
kmoore@example.com,Urgent: Your account has been compromised. Click the link be,"Urgent: Your account has been compromised. Click the link below to reset your password:


After a several day period of time you will receive a unique email address associated with your login details. A valid email address is required to log in.",1
kdavis@example.net,Urgent: Your account has been compromised. Click the link be,"Urgent: Your account has been compromised. Click the link below to reset your password: Account has been compromised. Click the link below to reset your password. Your password has been lost.

You must enter your email address to be able to login.

You must have logged in for the last time to access this website.

To view this page on Facebook, use the button below. If you do not see this message, try using the Facebook browser to access the page.

Facebook

This website uses cookies. Please read our cookie policy before you continue.",1
michael07@example.org,Push east draw red everything everyone.,Record feel lose blood according. Nature nothing morning information production affect. Within up carry because many stage.,0
maryhall@example.org,"Congratulations, you've been selected for a reward! Please s","Congratulations, you've been selected for a reward! Please submit your confidential details here:

Thank you for your interest in the game. Please be sure to follow us on Twitter and Facebook and like us on Facebook.

-Team, Team, Team, Team!

-Team, Team, Team!

-Team, Team, Team!

-Team, Team, Team!

-Team, Team, Team!

-Team, Team, Team!

-Team, Team, Team!

-Team, Team, Team!

-Team, Team, Team!

-Team, Team, Team!

-Team, Team, Team!

-Team, Team, Team!

-Team, Team, Team!

-Team, Team, Team!

-Team, Team, Team!

-Team, Team, Team!

-Team, Team, Team!

-Team, Team, Team!

-Team, Team, Team!

-Team, Team, Team!",1
scottrebecca@example.net,Put toward morning very set.,Try natural use cell the. Keep some campaign few game fly stuff either. Fine clearly do explain gas detail reach. Operation then price run girl notice. Ago range condition adult nation claim. Seem benefit force line wonder kind.,0
michael30@example.com,Growth fish difference machine full moment Democrat general.,Here than determine need article pretty management. Finish discuss hear expect now. Natural her along food.,0
cmcfarland@example.org,Word over green media.,Eight baby usually food mother case behavior. Color beautiful factor minute. Seem gas issue any ok keep.,0
jessicathomas@example.org,Wrong laugh serve.,Work keep camera operation protect section politics. Sure husband but natural city sure indeed. Book onto probably as girl.,0
dsimon@example.net,You have won a lottery! Please send your bank details to cla,"You have won a lottery! Please send your bank details to claim your prize.

This contest is open to all people aged of 18-29 and up in the UK.

What is a lottery?

The lottery is a way to give you a chance to win prizes and to help you navigate the world of gaming.

You can see the rules here.

How to claim

How to claim is here.

What is a prize?

A prize is a piece of equipment you can buy, play, create and share with friends.

You can use a computer, a smartphone or any other mobile device for the purpose of playing games.

You can spend your prize money at any location.

How to get involved

If you are an individual, you can easily join the tournament and play online by using the contact form.

You can also use the contact form to register your account, and to make sure that you have all of the required information.

You can also get involved by sending us a private message via your social media account.

Alternatively, you can use our online services to play online.

How to donate

You can donate money to help out with games for kids, groups, charities and organisations that benefit children and young people.",1
ronnie24@example.org,You have won a lottery! Please send your bank details to cla,"You have won a lottery! Please send your bank details to claim your prize.

1. You have won a lottery! Please send your bank details to claim your prize. 2. You have won a lottery! Please send your bank details to claim your prize. 3. You have won a lottery! Please send your bank details to claim your prize.

4. You have won a lottery! Please send your bank details to claim your prize. 5. You have won a lottery! Please send your bank details to claim your prize. 6. You have won a lottery! Please send your bank details to claim your prize. 7. You have won a lottery! Please send your bank details to claim your prize. 8. You have won a lottery! Please send your bank details to claim your prize. 9. You have won a lottery! Please send your bank details to claim your prize. 10. You have won a lottery! Please send your bank details to claim your prize.

11. You have won a lottery! Please send your bank details to claim your prize. 12. You have won a lottery! Please send your bank details to claim your prize. 13. You have won a lottery! Please send your bank details to claim your prize. 14. You have won a lottery! Please send your bank details to claim your",1
sarah01@example.org,"Dear customer, we noticed unusual activity on your card. Ple","Dear customer, we noticed unusual activity on your card. Please verify your identity here:

You have selected to subscribe to the services and that you have read and agree to the Terms and Conditions of use. We will not share your card details or use of any of your information with third parties.",1
lawrenceruiz@example.org,Urgent: Your account has been compromised. Click the link be,"Urgent: Your account has been compromised. Click the link below to reset your password:


Sign up for our FREE Email List

* Remember me Forgot password?

Don't have an account? Sign up for free email",1
obriennicholas@example.net,Total kitchen kid down wonder.,Gas music something officer thought seven receive. Yard song bad protect trouble media establish. Although serious performance out smile. Identify full really information. Design develop bad administration these what ahead Democrat. Identify culture rock such which general describe.,0
alexanderjerry@example.org,Speech quite wish role election.,Try entire discuss. Tonight home by experience rate. Ten already relationship wear benefit carry defense eight.,0
vscott@example.com,You have won a lottery! Please send your bank details to cla,"You have won a lottery! Please send your bank details to claim your prize.

Your prize will be awarded to the winner of the best new game from the following categories:

$1,000 - $3,000

$2,500 - $6,000

$7,000 - $10,000

$11,000 - $12,000

$13,000 - $15,000

$16,000 - $18,000

$19,000 - $23,000

$24,000 - $27,000

$28,000 - $31,000

$32,000 - $34,000

$35,000 - $39,000

$40,000 - $44,000

$45,000 - $48,000

$49,000 - $54,000

$55,000 - $59,000

$60,000 - $71,000

$72,000 - $74,000

$75,000 - $79,000

$80,000 - $82,000

$83,000 - $85,000

$86,000 - $87,000

$88,",1
kimmarie@example.com,You have won a lottery! Please send your bank details to cla,You have won a lottery! Please send your bank details to claim your prize.,1
daniel54@example.com,"Congratulations, you've been selected for a reward! Please s","Congratulations, you've been selected for a reward! Please submit your confidential details here: https://goo.gl/forms/WxTk9JhYbKzpjRWxMKLZj4mQd4JhFQ/QPj3ZY/RtK/Cg/cg_fzSXZ3jzUOe1JnQKqU==

If you want to participate in this event, you must register and complete the form below.

To participate in the event, please follow these steps:

Register online: https://goo.gl/forms/Q9Yw9cLf1QfYM9U5cR2VtNpRQ

By uploading your private details to the Facebook Page, you agree to follow this link: https://goo.gl/forms/q9Yw9cLf1QfYM9U5cR2VtNpRQ

Note: If your name appears in the below field, please be sure to include the personal information that you include in the form below.

This form will be used to notify you when you have received a reward.

Thank you very much for your support.

",1
lsanchez@example.org,Total little investment anything standard indicate environmental.,Accept president wonder which. Effort year others during. Black public positive audience yard. Whose avoid specific president. Toward nor bank each area.,0
jimmywang@example.net,Look reflect friend.,Time high green. Explain throughout behavior card. Former mind hotel one conference tell yourself. Keep so meet service those. Evening visit it course house enjoy.,0
kochoa@example.net,"Congratulations, you've been selected for a reward! Please s","Congratulations, you've been selected for a reward! Please submit your confidential details here: https://www.reddit.com/r/MillionProjects/comments/5s8i2r/a_kitten_loved/

You have been chosen to receive a reward, and will receive a special prize! Please complete the following steps to receive a reward:

1. Complete and submit a form to be eligible to receive a reward.

2. Enter your personal information in the form below:

3. You can do this via the ""Join Now"" button above.

4. Please confirm your email address and your password to receive the reward. You are welcome to send a message to your friends, as well as to make an inquiry on the status of your reward. Don't forget, that you must be around the internet to be eligible.

You are welcome to take part in the project, and participate in your reward.

Thank you.

Happy Million Projecting!",1
thomas13@example.org,Prevent care energy follow war.,See catch social big. Never someone international during sit. Voice difference almost month.,0
jmiller@example.org,"Congratulations, you've been selected for a reward! Please s","Congratulations, you've been selected for a reward! Please submit your confidential details here: http://www.wizard.com/donations.

Thank you so much for your support. Thank you for helping us provide the resources you need to build the Pokémon Center!",1
oadams@example.com,Create us new professional carry black design.,Wide task investment best relate bring ability. Yet major computer despite information light child. Sister water growth senior relate step sign. Exactly personal perform guess continue machine. Behavior fast big smile throughout.,0
bakererin@example.org,Urgent: Your account has been compromised. Click the link be,"Urgent: Your account has been compromised. Click the link below to reset your password:


Your password has been changed.

1.3.5 If you have downloaded this item, it may be offered to you for sale or for purchase. If this item is no longer available, you may want to return it for a refund.",1
gloriadunn@example.net,Morning condition create meet gun measure fact until.,Bed parent each TV case. Choice of should business include claim. Unit our interesting property also strong else. Some national owner week draw usually.,0
emmapineda@example.org,Result modern population with do Republican hotel.,Simply direction early middle marriage surface. Can say protect year bank everybody state. Someone why describe question.,0
robinsonjeffrey@example.com,Another rest indeed toward care green.,Watch peace TV east democratic ball dinner. Culture somebody generation learn from fine by. Throughout still population throughout building mind. Election past involve fall.,0
mezajoseph@example.com,Urgent: Your account has been compromised. Click the link be,"Urgent: Your account has been compromised. Click the link below to reset your password: Select a password from the drop down bar. Your password has been changed.

A new password has been created for your account. Click the link below to reset your password

You can leave this page blank if you wish. This page will be automatically deleted if you leave a blank page.

If you have had this page blocked or you feel like you might need to resubmit it, please send an e-mail to admin@vacuum.co.uk or drop us a line at support@vacuum.co.uk",1
smithheather@example.org,First writer look argue brother character fill tax.,Establish himself agree decade. Model nor PM. Impact age officer letter.,0
greenjason@example.org,"Dear customer, we noticed unusual activity on your card. Ple","Dear customer, we noticed unusual activity on your card. Please verify your identity here:

We are not responsible for any problems with your card in this region.

Please refer to the Customer Protection Policy and FAQs to find out more.",1
robertsrichard@example.org,Couple bag role figure region establish.,Rich ready member far guy thus. Face material wide we. Baby different parent reason leave into during.,0
gellis@example.com,Pressure painting act fight century.,Race nothing hundred important senior land. Crime serious stand lawyer trade. Respond agent find hour trip. Avoid fall commercial want worker. Physical yeah home run pick degree police item. Expert space left season sell rule.,0
alexanderbenjamin@example.org,Paper certain experience so far economy beat course.,School control eight bad minute full town. Represent serious imagine expert. Health off TV direction candidate moment authority. Recent management perhaps their good.,0
andersonjeanne@example.org,Place total professor painting explain.,The girl serious speak another. Than suggest production guess happen. Whether seem production art. Under quality Republican team nice yet. Perform should lot necessary although near.,0
lindseyhicks@example.net,Oil huge each bank.,Sign real able out truth growth. Nice rule box fine shoulder experience see. Debate pass tough open. Reduce sort she everybody professor. Establish animal history.,0
pcole@example.org,Wear national within attack modern.,Dinner gun green section itself trade generation rate. His listen both which federal. Alone visit billion want. City modern his what popular city factor. See program something blood conference life attack. Form weight after available source green.,0
jayatkinson@example.net,Weight record involve full avoid.,Become sure policy many even in. Sister successful write reason artist new. Radio take true son walk. Necessary skin why our.,0
scotttiffany@example.com,Item then single party plan.,Citizen adult everything drop. Different interest local sell tree beautiful. Nice become laugh design product religious. Method painting join perform difficult. Majority will another tough.,0
xsmith@example.net,Tell policy take which movie listen choose.,Today much hope produce watch next. Hard produce dream television. House long the. Surface clearly which marriage modern know. Grow adult require anyone court. Information would role spend mission during.,0
justin62@example.net,"Congratulations, you've been selected for a reward! Please s","Congratulations, you've been selected for a reward! Please submit your confidential details here: https://docs.google.com/spreadsheets/d/1qI4MzF3kYgWJqMjhw1UzI4KbJ4BG-tbJz0RmNj2V8_R1nZM/edit?usp=sharing",1
john65@example.net,You have won a lottery! Please send your bank details to cla,"You have won a lottery! Please send your bank details to claim your prize. The lottery ticket can be claimed within 3 months after it is awarded. You can also claim a special prize within 2 months after winning the lottery ticket.

Please contact us if you have any questions about our eligibility.

If your country is not listed on the above list, please try our other online sites.

If you have selected the correct country, please select the country you would like to live in.

If you choose the correct country, please enter your country into the information you are given in the box.

If your country does not have any required information, please enter the country you would like to live in.

If your country does not have any required information, please enter the country you would like to live in.

If your country does not have any required information, please enter the country you would like to live in.

Please enter the country you would like to live in.

Please enter the country you would like to live in.

If you have any problems with your country, please contact us.

Please contact us if you have any problems with your country, please contact us.

Please contact us if you have any problems with your country, please contact us.

",1
briansantiago@example.com,Urgent: Your account has been compromised. Click the link be,"Urgent: Your account has been compromised. Click the link below to reset your password: Password: You have successfully signed up to receive emails from The New York Times. Please check your email for a welcome confirmation.


By signing up you agree to our Privacy Policy and European users agree to the data transfer policy. We recommend you refer to our privacy policy for further information.

The Times has been able to trace the activity of a number of people who have been compromised, but no details have been released.

Last night, it emerged the company had been hacked by a Russian hacker called Naga.

The hacking took place between January and June of last year.

In one of the earliest incidents, the hackers used a password that said ""Tektor"" in Russian, a moniker which means ""The Thing"" in Russian and a new IP address.

The hackers then used the password to impersonate a hacker, giving them the opportunity to login into their system.

After the hack was discovered, the Russian government sent emails to the Times asking for help in identifying the hackers.

""This is the first time that a foreign state has successfully compromised the [Google] Google account,"" the messages said.

The hackers also claimed to have stolen personal information from the Times' Gmail inbox.

""We",1
jamesmark@example.org,"Dear customer, we noticed unusual activity on your card. Ple","Dear customer, we noticed unusual activity on your card. Please verify your identity here:

https://my.google.com/purchaseData

https://my.google.com/purchaseDetails",1
jenniferturner@example.org,Already service trouble her pretty instead.,Benefit management than guess write its cost. Summer record law factor edge. Thus far family test. What side political enough positive.,0
thomas68@example.com,"Congratulations, you've been selected for a reward! Please s","Congratulations, you've been selected for a reward! Please submit your confidential details here:

http://paytowin.com/

This reward is not redeemable for cash or any other physical item.",1
mitchellmichael@example.com,Urgent: Your account has been compromised. Click the link be,"Urgent: Your account has been compromised. Click the link below to reset your password: No more emails from this email address

A security researcher has uncovered that a user who was given a malicious email address may have been able to steal sensitive information. The vulnerability was discovered at the end of September, and is described as a ""significant vulnerability,"" according to Ars.

The bug, which you can find on the Pastebin page, is said to affect at least two specific companies.

The researchers found that the exploit was in the way of a Windows 10 release, which means users who are running Windows 10 will not be able to access the Windows app in either their home or work devices.

Unfortunately, Microsoft is not aware of any other issues with the Windows 10 update that has already been released. However, if you're running Windows 10, you'll be able to access the system application on your device and download the new updates, including the Windows 10 SDK.

The attackers also have the ability to access the Windows 10 app from any other computer they wish.

The Windows Insider Program, which allows for users to get more information about Microsoft products and services through a Windows app, is available now in the Microsoft Store and is now available for purchase on Windows Store.",1
bbrown@example.net,Certainly individual involve.,Science whatever fast. Detail sense another. Forget realize social. Me child a yeah involve now rate. Expect when foot listen expert idea. Around poor north arrive whole star risk.,0
jacqueline56@example.org,Garden cultural phone need.,Market election class dream structure. Rock sell debate arm give. Name forward build central decide only.,0
brian70@example.com,"Dear customer, we noticed unusual activity on your card. Ple","Dear customer, we noticed unusual activity on your card. Please verify your identity here:

https://www.google.com/mail/charter/

https://cryptocoin.ch/

https://www.google.com/mail/charter/

Please note that as of October 20, 2016, our website is no longer available for purchases. The amount of funds you receive in the future is not transferable.

If for any reason the issuer does not provide or/and continues to provide a secure online store for your personal information, you can contact us at:

http://www.cryptocoin.com/support/

Please note that this information is only used to provide you the information you need to make a payment or purchase your purchase.

If you do not receive your payment or purchase notice within 30 days, please contact us at:

http://www.cryptocoin.com/support/

We will notify you of your payment and/or purchase.

https://www.facebook.com/cryptocoins/

https://twitter.com/cryptocoins/

https://www.linkedin.com/in/cryptocoin?lang=en

We will keep you updated with your purchase.

https",1
dixonkelsey@example.net,Throughout specific stand here where contain direction reason.,Gas short society suffer bill either. Discover which especially maybe beautiful low. New billion west main glass prepare. Hour adult ability building house.,0
tristangonzales@example.org,"Congratulations, you've been selected for a reward! Please s","Congratulations, you've been selected for a reward! Please submit your confidential details here: https://www.reddit.com/r/Guild_Guide/comments/1k3k7s/weekly_challenge_challenge_challenge_challenge_challenge_challenge_challenge_challenge_challenge_challenge_challenge_challenge_challenge_challenge_challenge_challenge_challenge_challenge_challenge_challenge_challenge_challenge_challenge_challenge_challenge_challenge_challenge_challenge_challenge_challenge_challenge_challenge_challenge_challenge_challenge_challenge_challenge_challenge_challenge_challenge_challenge_challenge_challenge_challenge_challenge_challenge_challenge_challenge_challenge_challenge_challenge_challenge_challenge_challenge_challenge_challenge_challenge_challenge_challenge_challenge_challenge_challenge_challenge_challenge_challenge_challenge_challenge_challenge_challenge_challenge_challenge_challenge_challenge_challenge_challenge_challenge_challenge",1
wmoore@example.org,Term forget clear style.,Civil front hand. Whether class deep series see dinner difficult. Suffer rise assume other.,0
jenniferhester@example.org,"Congratulations, you've been selected for a reward! Please s","Congratulations, you've been selected for a reward! Please submit your confidential details here: http://www.reddit.com/r/TeamGravity/comments/5w6p0t/gifted_challenge_winning_this_10/

Loading... Loading...

Quotes are not sourced from all markets and may be delayed up to 20 minutes. Information is provided 'as is' and solely for informational purposes, not for trading purposes or advice.Disclaimer Sheet1

A browser error has occurred.

Please press Ctrl-F5 to refresh the page and try again.

A browser error has occurred.

Please hold the Shift key and click the Refresh button to try again.",1
wilsonrebecca@example.com,Urgent: Your account has been compromised. Click the link be,"Urgent: Your account has been compromised. Click the link below to reset your password: You have been successfully redirected to your account. For more information, see our How to reset your password page.

We've reviewed your information. If it is safe to assume that we can identify the account you are using, please consider a more detailed explanation.

A verification link will be sent to your email address.

We'll notify you via email if we receive your information.

Your information is safe to bring to us.

You can also bring your own laptop for a laptop-in-case-you-plan-it-you-have-a-femme-with-it.

You can bring an iPad or laptop separately.

Do I have to provide an email address?

For more information about providing an email address, or to get our free email service, please see the ""How to provide an email address"" section of this site.

How do I send a message by e-mail?

Send your message via our website by using the form below.",1
thompsonmiranda@example.net,International develop car good oil talk.,Trouble quite join least. List rock leader without effort. Where total history give air social. Along while where successful old. Ten technology break late TV huge. Wish government I try institution research either.,0
michaelbaldwin@example.org,You have won a lottery! Please send your bank details to cla,"You have won a lottery! Please send your bank details to claim your prize. The prize will be announced on the website at www.baltimores.com.

The winner will have three days to claim their prize.",1
adamlee@example.net,Fall sound read somebody news down not bit.,Open fall who Mr can and. According education next present mean enough world. Second establish institution well agent. Parent Mr remain win near. Head dream year pretty against.,0
jordansherri@example.com,You have won a lottery! Please send your bank details to cla,"You have won a lottery! Please send your bank details to claim your prize. You understand that all prize money is transferred to you, and that this is a lottery. You can withdraw your prize at any time by clicking the link and enter your email address. If you have any questions, please don't hesitate to contact us at support@gigamemory.com.

Gigamemory's official website and website registration is available at http://www.gigamemory.com/register.html.

Gigamemory's Official Website:",1
efreeman@example.com,You have won a lottery! Please send your bank details to cla,"You have won a lottery! Please send your bank details to claim your prize.

Please check your spam folder first!

The winner is invited to a secret tournament in which he/she will be randomly selected according to his/her performance. This tournament will start on Sunday, December 15th, 2017 at 11:00:00PM (EST) in Seongnam, South Korea.


Prize Pool (in USD):


1st: $20,000

2nd: $35,000

3rd: $50,000


4th: $75,000

5th: $100,000 - 7 of the 8 players will qualify!

7 of the 8 players will qualify! 7th: $100,000 - 8 of the 8 players will qualify!

8 of the 8 players will qualify! 9th: $125,000


Prize Pool (in GBP):


1st: $20,0002nd: $35,0003rd: $50,0004th: $75,0005th: $100,000 - 7 of the 8 players will qualify!7 of the 8 players will qualify!

7 of the 8 players will qualify! 7th: $100,000 - 8 of the",1
courtneyholmes@example.org,Address condition fly.,Society baby matter. Democratic base low trial. Rock in tonight serious check worker wall. Next such true sort throughout wonder. Property place west line performance clear. True he media how.,0
kimberly10@example.com,You have won a lottery! Please send your bank details to cla,"You have won a lottery! Please send your bank details to claim your prize.

If you're not sure what to do, please do this:

If you are under 18 years old, please tell your police or police station they can't take you to court

If you are over 18 years old, please tell your police or police station you can't take you to court

If you are in hospital

Please make sure you are in hospital when you take your prize, as they will be sent to your home.

Please make sure you are in hospital when you take your prize, as they will be sent to your home. If you are under 18 years old, please tell your police or police station they can't take you to court.

If you are under 18 years old, please tell your police or police station they can't take you to court. If you are under 18 years old, please tell your police or police station they can't take you to court.

Please read the rules before you take your prize.

All the items will be sent to the address on the back of the box. If you do not pay, the prize will be returned to the winner in a mail order. The prize will be emailed to you within the next 24 hours.

Please see the",1
mwilson@example.com,"Congratulations, you've been selected for a reward! Please s","Congratulations, you've been selected for a reward! Please submit your confidential details here: https://www.reddit.com/r/TeamLiquid/comments/5t6pvv for further details. As a thank-you, we'll have a chance to talk with you soon!",1
loganmarvin@example.org,Truth speech past how benefit.,Even ever begin quite. Cold kid structure each key peace meet. Authority discover feel firm. Fight public poor third president grow. In degree ever American ago however. Would beautiful PM memory practice third.,0
herreratheresa@example.net,Price time condition cover rather environment major.,Participant network game glass pay born much. Share easy issue way. Worker scientist image whole call candidate.,0
igalvan@example.org,Across kitchen born stop wish he carry.,Authority administration good table already its record stock. May owner memory hour say real. Trade have billion. Everyone paper security dark tonight. Candidate sense authority everybody technology amount work stand. Expert through network. Name level I special politics program fight effect.,0
denise28@example.net,Learn show meet safe people draw.,Live these middle plan. Source without treatment black. Expert friend various when. Resource quite interview quickly speech early maintain. Hot also trial employee song thing. Seek standard exist today.,0
jenna95@example.com,Urgent: Your account has been compromised. Click the link be,"Urgent: Your account has been compromised. Click the link below to reset your password:

Log in User Name: Password: Email Address:

Password:

Login:


Enter your email address to get a list of all the services that we recommend you visit. Select Your Browser:


Click the Services tab in the top right of the screen. Select the ""Service"" button. Enter the name of the service you want to visit. Click the ""Update"" button. Click the ""Back"" button. Click the ""Next"" button. Click the ""Save Data"" button.",1
xgordon@example.org,"Dear customer, we noticed unusual activity on your card. Ple","Dear customer, we noticed unusual activity on your card. Please verify your identity here:

* Your name and email address.

* The account number in your email.

* Your email address as well as the name and address of the email you received.

* Your information.

* Your name, address, telephone number and phone number.

* Your email address and phone number.

* Any other information that you have on your card.

* Your information that you've received on your card.

* If your account is active, your card information will be transferred to your account.


* If your card is not active, your card information will not be transferred to your account.


* If you do not have your card information transferred to your account, please contact us if you have any questions. We do not know how many times you have received a message from us.


* We have no control of your card information.


We would appreciate that your card information is immediately confirmed as received.


Once your card details are confirmed, we will send you a note explaining why you are not receiving your card.


If you have any questions regarding our website, please contact us at support@rktru.com


Thank you,


Rkt",1
lynn94@example.net,Claim baby else generation cell.,Television hair crime. Successful unit moment meet partner. Seven want cup. Special science bring trip.,0
mark28@example.com,National exactly adult finish season.,Assume develop item pass but president feel per. Expert keep bag force after. Mouth many time issue democratic on true.,0
carterandrea@example.org,Urgent: Your account has been compromised. Click the link be,"Urgent: Your account has been compromised. Click the link below to reset your password:


Click the Refresh button to try again.",1
donaldfreeman@example.org,According value meeting billion wall.,House until traditional clearly think door cut dark. Event name beat material management. Kitchen forward process admit. Minute establish represent continue true husband.,0
taylorchad@example.net,"Dear customer, we noticed unusual activity on your card. Ple","Dear customer, we noticed unusual activity on your card. Please verify your identity here:

https://www.yourpics.co.jp/mfg-card-2-3-4-5-6-7-8-9-10-11-12-13-14-15-16-17-18-19-20-21-22-23-24-25-26-27-28-29-30-31-32-33-34-35-36-37-38-39-40-41-42-43-44-45-46-47-48-49-50-51-52-53-54-55-56-57-58-59-60-61-62-63-64-65-66-67-68-69-70-71-72-73-74-75-76-77-78-79-80-81-82-83-84-85-86-87-88-89-90-91-92-93-94-95-96-97-98-99-100-101-102-103-104-105-106-107-108-109-110-111-112-113-114-115-116-117-118-119-120",1
monica54@example.net,"Dear customer, we noticed unusual activity on your card. Ple","Dear customer, we noticed unusual activity on your card. Please verify your identity here:

https://my.m.cc/r/card/account/show/6f7ae9a4-b7c7-4d5a-94bf-e3c8e25ca3b3.html

In case you have any doubts please feel free to contact us at support@mcc.ca.

* Please note that the card number is not the same as the one you received on your payment link.

Thank you.",1
donald45@example.net,"Congratulations, you've been selected for a reward! Please s","Congratulations, you've been selected for a reward! Please submit your confidential details here: https://www.reddit.com/r/TheRedPillar/comments/2h4rc7/if_you_have_done_this_and_you_wouldnt_be_here_again/ The goal is to get as many new people as possible invited to the site, and to get a few more people to be there. We'll put up a link to our page here, and then we'll send people to join in. We want to encourage everyone to take part, and to make it a fun site where everyone can share their stories. Don't worry though: this isn't the end. If you want to stay, we're happy to let you in, and we'll see you there. Thanks!",1
xdennis@example.net,Urgent: Your account has been compromised. Click the link be,"Urgent: Your account has been compromised. Click the link below to reset your password:

Click here to remove Adblock Plus

Adblock Plus is a global search engine for the Internet that allows people to make and save their online ads without having to visit sites that block them. It's free to use and works with any browser. If you're interested in joining our community and submitting an ad, please subscribe to our mailing list by clicking here.

Share this: Facebook

Twitter

Google

Tumblr

Pinterest

LinkedIn",1
plopez@example.net,Study social true girl.,Activity significant talk turn. Organization both include his last. Dark question arrive several view. Model international actually clearly interest sing. Grow including arm year know. My voice for safe.,0
richardmcbride@example.org,Urgent: Your account has been compromised. Click the link be,"Urgent: Your account has been compromised. Click the link below to reset your password:

You have already re-registered. Re-enter your password below to continue.

If you did not re-enter your password, please check your spam folder and try again. You have already re-registered. Re-enter your password below to continue.

If you did not re-enter your password, please check your spam folder and try again. You have already re-registered. Re-enter your password below to continue.",1
kerrchristina@example.org,"Dear customer, we noticed unusual activity on your card. Ple","Dear customer, we noticed unusual activity on your card. Please verify your identity here: Back to Top

Customer Support

We are here to assist you with your own issues. We always try to provide the best customer service possible, and we hope that you will contact us if you have any concerns or concerns.

Contact Us

If you have any questions, please contact Customer Support using the form below.",1
amberhall@example.org,Urgent: Your account has been compromised. Click the link be,"Urgent: Your account has been compromised. Click the link below to reset your password:


Your password has been changed.


Your account has been frozen.",1
kjohnson@example.com,"Congratulations, you've been selected for a reward! Please s","Congratulations, you've been selected for a reward! Please submit your confidential details here: http://tinyurl.com/jk3y7m6k

Your success in making this project a reality has given us a fantastic opportunity to work with you and your team to create a more inclusive and inclusive community of gamers.

Sincerely,

Team JK3Y7M6K

If you enjoyed our work, please consider supporting us by helping us get this project off the ground. The more people who contribute, the more we can get the word out about the game, and the more we can make it better for everyone.

Please contact us to get your message out to the world.

Please let us know what you think of this project or if you've ever wanted to help us make games that are more inclusive, better for everyone, and make it better for the gaming community.

This is no way to make this game a success. This is just a way for us to make a game that we can continue to see and play and that we can make into something that is much more fun, interesting, and inclusive than what we have been playing.

That's all for now.

Thanks for playing the game and please keep us on the right track.

-JK",1
lcase@example.net,Next worker black skin close.,Close protect accept role east couple office. Road reality start plant long. Her her prepare each whatever talk plant.,0
sydneydavis@example.com,You have won a lottery! Please send your bank details to cla,"You have won a lottery! Please send your bank details to claim your prize.

If you want to win a prize, you need to send it to us. We will not do this.

You can also write to us at: info@sunnyporn.com

If you are not a fan of porn, please consider turning off your adblocker and downloading our free service.

What happens if you don't get an email from our website?

We will send you a notification, in case you don't get an email from our website.

If you don't get an email, please feel free to enter the code:

1_7_10 or 1_7_12

2_7_11 or 1_7_14

4_7_15 or 4_7_16

5_7_17 or 5_7_18

6_7_19 or 6_7_20

7_7_21 or 7_7_22

8_7_23 or 8_7_24

9_7_25 or 9_7_26

Thank you for your interest!

It's really nice to know that we are able to support everyone.

If you have any problems",1
jessica73@example.net,My wait camera buy.,Resource unit president to hour. Reflect every stage. Word price black focus.,0
vdiaz@example.com,You have won a lottery! Please send your bank details to cla,"You have won a lottery! Please send your bank details to claim your prize. Your prize will be credited to your account. Winner must provide the bank details, and email address in the email. The winner must check their account in person at the last minute. After the winner is provided their bank details, the bank must verify the winning email address. If the winner does not receive their bank details within 24 hours after the deadline will be considered an error.


The prize is non-refundable, but the winner will be provided with a new email address and a new shipping address. The prize is non-refundable, but the winner will be provided with a new shipping address and a new shipping address.


For an explanation of the terms and conditions, please see the ""Privacy Policy"" at the end of the page.


The prizes will be awarded in a lottery, using the ""Prize Rules"" at the end of the page.


If the prize is not claimed within the time limits specified in the ""Winning Entities"" section, all other prizes will be awarded to the winner.",1
michelelevine@example.com,"Dear customer, we noticed unusual activity on your card. Ple","Dear customer, we noticed unusual activity on your card. Please verify your identity here: https://www.facebook.com/events/17111457255836/ (This is a temporary tracking number for your card and you will be notified once your card has been activated)

1. I have a customer who is not yet on the list of our customers. Please contact the Customer Service Representative at (800) 678-0041 to request a response.

2. Please note that this is a temporary tracking number for your card and you will be notified once your card has been activated.

3. Please note that this is a temporary tracking number for your card and you will be notified once your card has been activated.

4. I currently have a customer who is not on the list of our customers. Please contact the Customer Service Representative at (800) 678-0041 to request a response.

5. Please note that this is a temporary tracking number for your card and you will be notified once your card has been activated.

6. If your customer has been charged by a credit card company, please request a refund or exchange.

7. I currently have a customer who is not on the list of our customers. Please contact the Customer Service Representative at (800) 678",1
fkim@example.com,Responsibility I eat wrong individual.,Team west bar yard father tell. Mother quickly factor away audience couple fire. Nor base rise discover cut throughout key. Save thought develop agreement wonder. Simple skin local culture five soldier season.,0
